ID,Target -1,Target 0,Target 1
7903,0,0,1
8099,1,0,0
7085,1,0,0
3988,0,0,1
8486,1,0,0
3195,0,1,0
2027,0,1,0
1227,1,0,0
9651,0,0,1
13006,1,0,0
6366,0,1,0
508,0,0,1
9780,0,0,1
13667,1,0,0
7546,0,0,1
11851,0,0,1
12181,0,0,1
3533,0,0,1
3077,0,0,1
449,0,0,1
10075,0,1,0
8761,0,0,1
7213,0,1,0
6160,0,1,0
7971,0,1,0
2164,1,0,0
12743,0,1,0
1041,1,0,0
5006,1,0,0
6881,0,1,0
1596,0,0,1
7023,0,0,1
7882,0,0,1
6230,0,1,0
13499,0,1,0
13830,0,0,1
3840,0,0,1
13858,0,0,1
701,0,0,1
6606,0,0,1
1299,0,1,0
1492,1,0,0
3994,0,0,1
373,0,0,1
7576,1,0,0
1378,0,1,0
2631,0,1,0
8302,1,0,0
12070,0,1,0
13866,1,0,0
2121,1,0,0
7230,0,0,1
9080,0,1,0
3091,0,1,0
828,0,0,1
3273,0,1,0
11572,0,1,0
10083,0,1,0
10587,0,0,1
6088,0,0,1
11156,0,0,1
4383,1,0,0
11689,0,1,0
5109,0,0,1
11647,0,1,0
7053,0,1,0
13674,0,1,0
12540,1,0,0
9742,0,0,1
2622,1,0,0
3699,0,1,0
2262,0,0,1
2747,0,1,0
12899,1,0,0
9824,0,0,1
13076,0,0,1
2445,0,0,1
7067,0,1,0
4990,0,1,0
6857,0,1,0
1625,0,1,0
8978,1,0,0
4181,0,1,0
1831,1,0,0
1009,0,1,0
1111,1,0,0
2074,0,1,0
4854,1,0,0
4789,0,1,0
12077,0,1,0
5585,0,0,1
5478,1,0,0
6766,0,0,1
7844,0,0,1
8752,0,0,1
10520,0,1,0
7821,0,1,0
3365,0,1,0
5948,1,0,0
9245,1,0,0
9518,0,1,0
4302,0,1,0
6156,1,0,0
2390,1,0,0
740,0,1,0
8665,0,1,0
5215,1,0,0
4662,0,1,0
1417,0,0,1
8681,0,0,1
6940,0,0,1
5771,1,0,0
4262,1,0,0
174,0,1,0
13824,1,0,0
8672,0,1,0
12126,1,0,0
5938,0,1,0
7463,1,0,0
316,0,0,1
13761,0,0,1
4821,0,1,0
10216,0,1,0
1774,1,0,0
10185,0,1,0
11561,1,0,0
4409,0,1,0
11935,1,0,0
10544,1,0,0
1429,0,1,0
9911,0,1,0
8748,0,0,1
12922,0,1,0
1864,1,0,0
7578,0,1,0
11384,0,0,1
4490,0,1,0
2429,0,0,1
1903,0,1,0
10325,0,0,1
13333,1,0,0
1788,0,0,1
7981,1,0,0
11045,0,1,0
6900,1,0,0
3226,0,0,1
13324,0,1,0
6687,1,0,0
8771,0,0,1
2859,0,1,0
11096,0,1,0
1170,0,0,1
6212,0,1,0
7911,0,1,0
12994,0,0,1
4205,0,0,1
2794,1,0,0
10344,1,0,0
6743,0,1,0
4164,0,1,0
4645,0,1,0
3540,1,0,0
12172,1,0,0
10317,0,1,0
5728,1,0,0
3512,0,0,1
12102,1,0,0
9533,0,0,1
13189,0,0,1
12587,1,0,0
12632,1,0,0
8667,0,1,0
11533,0,1,0
13664,1,0,0
12412,0,1,0
12112,0,0,1
3244,1,0,0
12941,0,1,0
6457,0,0,1
8770,1,0,0
11717,0,0,1
12409,0,0,1
6471,0,0,1
9684,1,0,0
630,0,1,0
11922,0,0,1
7876,0,0,1
11824,0,0,1
2278,0,1,0
12530,0,0,1
7030,0,1,0
3655,1,0,0
6157,0,0,1
2608,0,1,0
10050,1,0,0
9439,1,0,0
11410,0,0,1
11232,0,1,0
11204,0,1,0
3183,1,0,0
3667,1,0,0
9217,1,0,0
2129,0,1,0
6010,0,1,0
2693,0,1,0
6143,0,1,0
13854,0,1,0
2931,1,0,0
4015,1,0,0
2205,0,0,1
2108,1,0,0
7777,1,0,0
4449,0,0,1
336,1,0,0
5859,0,1,0
12770,0,0,1
7423,0,1,0
78,0,1,0
4717,1,0,0
13894,0,0,1
9929,0,0,1
2694,0,1,0
3375,0,1,0
10904,0,0,1
2260,0,0,1
3497,0,1,0
4496,1,0,0
12322,1,0,0
11050,1,0,0
6479,0,1,0
4212,1,0,0
6565,0,1,0
8225,1,0,0
11203,0,1,0
11959,0,0,1
9619,0,1,0
10159,0,1,0
12039,1,0,0
11259,0,0,1
5266,0,1,0
1414,0,1,0
9425,0,1,0
11488,1,0,0
10947,0,0,1
2878,0,1,0
7387,0,0,1
5308,1,0,0
10762,0,0,1
988,0,1,0
6082,0,1,0
4390,0,1,0
12866,0,1,0
2401,1,0,0
2178,0,0,1
8704,0,0,1
3597,0,1,0
8212,1,0,0
475,0,0,1
6609,0,0,1
1019,0,1,0
11360,0,0,1
12893,1,0,0
9146,1,0,0
584,0,1,0
6000,0,0,1
3342,0,0,1
11975,1,0,0
5799,1,0,0
1420,0,0,1
2867,0,1,0
10543,0,0,1
9417,0,1,0
12782,0,0,1
13892,0,1,0
9529,0,1,0
3234,0,0,1
12334,0,1,0
11693,1,0,0
13947,0,0,1
8005,0,1,0
7164,0,0,1
5047,0,0,1
4486,0,1,0
1859,0,0,1
9558,0,0,1
983,0,1,0
10181,1,0,0
9316,1,0,0
8508,0,0,1
5618,1,0,0
8686,1,0,0
3301,1,0,0
9494,1,0,0
3202,1,0,0
8654,1,0,0
13431,0,0,1
1742,0,0,1
10825,0,1,0
9263,0,1,0
9720,0,0,1
8435,0,1,0
4939,1,0,0
8828,0,1,0
8513,0,1,0
10953,0,0,1
8465,0,1,0
6562,0,1,0
4097,0,1,0
11527,0,0,1
1415,1,0,0
8777,0,1,0
5613,0,0,1
7091,0,1,0
7947,0,1,0
4092,1,0,0
6505,0,1,0
5635,1,0,0
5609,0,1,0
11748,0,1,0
6456,0,0,1
9957,0,1,0
9520,0,1,0
6926,1,0,0
503,0,0,1
10369,0,1,0
3154,0,0,1
1801,0,1,0
7964,0,1,0
7281,0,0,1
10190,0,1,0
7264,1,0,0
4719,0,0,1
6378,1,0,0
1070,0,0,1
13072,0,1,0
1751,1,0,0
2453,1,0,0
12233,1,0,0
13780,0,0,1
10290,1,0,0
1977,1,0,0
10139,0,1,0
120,0,0,1
11266,1,0,0
10184,0,0,1
4609,0,1,0
13559,0,0,1
9958,1,0,0
1319,1,0,0
1732,0,0,1
12327,0,1,0
2378,0,0,1
13967,0,1,0
13952,0,1,0
13959,0,0,1
10280,1,0,0
157,1,0,0
11861,1,0,0
8432,0,0,1
13737,0,1,0
1813,0,0,1
8152,1,0,0
13576,0,1,0
12757,0,1,0
3841,0,1,0
3845,0,0,1
4458,0,0,1
13706,0,0,1
4607,0,0,1
9797,0,0,1
7603,1,0,0
7137,0,0,1
7176,1,0,0
1855,0,1,0
3068,1,0,0
9114,0,1,0
13530,1,0,0
2707,0,1,0
13504,1,0,0
13016,0,0,1
8488,0,0,1
6894,0,0,1
4083,0,1,0
5826,0,0,1
9621,0,1,0
10061,1,0,0
10396,0,1,0
44,1,0,0
7011,0,1,0
12318,0,0,1
7542,0,0,1
3893,0,0,1
6771,1,0,0
13754,1,0,0
3757,0,1,0
11878,0,1,0
9420,0,0,1
1790,0,0,1
10385,0,1,0
4856,0,1,0
10283,0,1,0
6696,0,1,0
8937,0,1,0
13522,0,1,0
1279,0,1,0
3472,0,0,1
3289,0,1,0
10410,0,0,1
10245,1,0,0
6685,0,0,1
8566,1,0,0
5661,0,0,1
7787,0,1,0
3452,0,0,1
4867,1,0,0
3670,0,1,0
12284,0,1,0
271,1,0,0
6977,0,0,1
5507,0,1,0
1146,0,0,1
2140,0,1,0
326,0,0,1
12495,1,0,0
12071,0,0,1
2663,1,0,0
10302,0,1,0
833,0,1,0
4421,1,0,0
3859,0,1,0
11593,0,0,1
10249,0,0,1
1375,0,1,0
6711,0,0,1
10800,0,1,0
496,1,0,0
5790,1,0,0
5965,1,0,0
11832,0,0,1
521,1,0,0
6269,0,1,0
1578,0,1,0
5738,0,0,1
7948,1,0,0
3903,0,0,1
12902,0,1,0
1998,0,1,0
438,1,0,0
596,0,0,1
9691,0,0,1
6585,0,1,0
267,0,0,1
12488,1,0,0
733,0,1,0
3372,0,0,1
2705,1,0,0
2862,1,0,0
2329,1,0,0
12808,1,0,0
121,0,0,1
1815,0,0,1
2071,0,0,1
4019,1,0,0
6180,1,0,0
7121,1,0,0
7528,0,1,0
7547,0,1,0
6052,1,0,0
13970,0,0,1
7341,1,0,0
13363,0,1,0
6812,1,0,0
7032,1,0,0
13842,0,0,1
12856,1,0,0
3020,1,0,0
11187,1,0,0
2239,0,0,1
11154,0,1,0
1762,1,0,0
2574,0,1,0
12880,0,0,1
7353,0,0,1
7364,0,1,0
4849,1,0,0
6297,0,0,1
683,0,0,1
3577,0,0,1
13270,0,0,1
10740,0,1,0
479,0,0,1
6286,0,0,1
9229,0,1,0
4814,0,1,0
8015,0,0,1
11786,0,1,0
12938,1,0,0
1523,0,0,1
8836,0,1,0
11312,0,1,0
7590,1,0,0
5022,0,0,1
491,0,0,1
4639,0,1,0
1586,1,0,0
10680,0,1,0
436,0,1,0
9325,0,0,1
12563,1,0,0
5158,0,1,0
10842,1,0,0
2157,1,0,0
8636,1,0,0
7048,0,1,0
4846,1,0,0
5802,1,0,0
12190,0,0,1
2423,0,0,1
8523,0,0,1
6435,0,0,1
12567,0,1,0
9730,0,1,0
9066,1,0,0
4784,0,0,1
4224,0,0,1
6224,0,0,1
2161,1,0,0
3208,0,0,1
470,0,1,0
6890,1,0,0
11339,0,1,0
9136,0,1,0
13996,0,1,0
4160,0,0,1
5683,0,0,1
5321,0,0,1
1412,0,1,0
9867,0,0,1
421,0,1,0
13496,0,0,1
7650,1,0,0
13901,0,1,0
6316,1,0,0
6231,0,0,1
12624,0,0,1
2772,1,0,0
7017,1,0,0
2393,0,1,0
859,0,0,1
2726,0,0,1
10868,0,0,1
1051,0,0,1
9569,0,1,0
10990,0,0,1
1546,0,1,0
232,0,0,1
9445,1,0,0
2528,0,0,1
12768,1,0,0
13519,0,0,1
7515,0,1,0
10236,0,0,1
2817,1,0,0
6477,1,0,0
11020,1,0,0
2545,0,1,0
9513,0,0,1
6273,0,0,1
4114,0,1,0
5032,0,0,1
210,1,0,0
9441,0,1,0
11398,0,1,0
10752,1,0,0
7708,1,0,0
1911,0,1,0
6383,0,0,1
3165,0,0,1
7233,0,0,1
368,0,1,0
11870,0,1,0
11745,1,0,0
1434,0,0,1
7858,1,0,0
5392,0,0,1
13879,0,1,0
3521,0,0,1
4023,0,0,1
10794,1,0,0
5216,0,0,1
10704,0,1,0
1410,0,1,0
743,0,0,1
1821,0,0,1
7856,0,0,1
7621,1,0,0
13065,1,0,0
12096,1,0,0
5539,0,1,0
3925,1,0,0
2549,0,0,1
663,0,0,1
275,0,0,1
9893,0,1,0
531,0,0,1
8199,0,0,1
1216,0,0,1
7187,0,0,1
6780,1,0,0
6360,0,0,1
11640,1,0,0
4031,0,0,1
11432,0,0,1
312,0,0,1
6564,0,1,0
9713,0,1,0
5305,0,1,0
3741,1,0,0
63,1,0,0
2770,0,0,1
3139,0,1,0
6813,1,0,0
544,0,0,1
1601,1,0,0
7303,1,0,0
2825,0,0,1
6799,1,0,0
12638,0,1,0
7494,0,1,0
3137,1,0,0
13317,1,0,0
5347,1,0,0
8539,0,1,0
11104,0,0,1
12531,0,1,0
9885,0,0,1
3411,1,0,0
4474,0,1,0
38,0,0,1
8999,0,1,0
11882,0,1,0
11517,0,0,1
13648,0,0,1
13247,0,1,0
1155,1,0,0
2117,1,0,0
13217,0,0,1
4004,0,0,1
6518,0,0,1
8592,0,0,1
2816,0,0,1
10848,0,1,0
9452,0,0,1
11813,0,1,0
4104,0,0,1
9272,0,0,1
13354,1,0,0
13441,0,0,1
5246,1,0,0
13963,0,1,0
1186,1,0,0
925,0,0,1
1456,1,0,0
7016,1,0,0
358,0,0,1
9733,0,1,0
11340,1,0,0
12897,0,1,0
10355,0,1,0
13238,0,0,1
11192,1,0,0
12444,0,0,1
3333,0,1,0
6240,0,0,1
13422,1,0,0
2762,0,0,1
11844,0,1,0
5768,1,0,0
10204,0,1,0
9603,0,1,0
13608,1,0,0
12733,0,0,1
3669,0,0,1
9836,0,1,0
13919,1,0,0
6174,0,1,0
7972,1,0,0
11645,1,0,0
11046,1,0,0
11068,1,0,0
2086,0,1,0
8305,0,0,1
7003,1,0,0
2141,1,0,0
790,0,1,0
11504,0,0,1
2449,1,0,0
6844,1,0,0
5448,0,1,0
6402,0,1,0
10198,0,0,1
5188,0,0,1
6293,0,0,1
4920,1,0,0
11230,0,0,1
11417,0,1,0
3122,1,0,0
11592,0,0,1
700,0,1,0
9862,0,0,1
5422,1,0,0
9182,0,0,1
334,1,0,0
6670,1,0,0
13224,0,1,0
1484,0,0,1
320,0,0,1
3844,0,0,1
5800,1,0,0
11848,0,0,1
9602,0,1,0
7077,0,1,0
8410,0,0,1
12887,1,0,0
9141,0,1,0
4063,0,0,1
2792,0,0,1
11294,0,0,1
1447,0,0,1
13812,0,0,1
7839,1,0,0
2323,0,1,0
8317,0,1,0
759,0,0,1
123,0,0,1
13782,0,0,1
2190,0,0,1
2059,0,0,1
3052,1,0,0
11702,1,0,0
8119,0,1,0
4591,0,1,0
2981,0,1,0
6502,1,0,0
11362,0,1,0
13978,0,0,1
2162,0,0,1
4561,0,1,0
8679,0,1,0
8197,0,1,0
10255,1,0,0
10905,0,1,0
6112,0,1,0
3047,0,0,1
2650,0,0,1
9527,0,1,0
5332,0,1,0
10576,0,0,1
2386,0,1,0
4180,0,0,1
1345,0,1,0
13361,0,0,1
7706,0,1,0
1648,1,0,0
1212,0,0,1
3442,0,0,1
8495,0,1,0
2132,1,0,0
8297,1,0,0
5770,0,1,0
9336,0,0,1
8084,1,0,0
9427,0,1,0
2114,0,0,1
11258,0,0,1
6734,0,1,0
8768,1,0,0
4890,1,0,0
4026,0,0,1
4683,0,0,1
286,0,0,1
6046,0,0,1
13271,0,1,0
11482,0,1,0
6386,0,0,1
6076,0,0,1
8074,0,0,1
12079,1,0,0
2343,0,1,0
7056,1,0,0
279,0,0,1
10268,0,1,0
2273,0,1,0
6367,0,0,1
8457,0,0,1
11785,1,0,0
6979,1,0,0
1156,0,0,1
12194,1,0,0
12778,0,0,1
13106,1,0,0
5045,0,0,1
2389,0,0,1
11715,0,1,0
6548,1,0,0
301,0,1,0
11838,1,0,0
6540,0,1,0
1280,0,1,0
12597,0,1,0
4292,1,0,0
4227,0,0,1
12741,1,0,0
6645,0,0,1
13103,0,1,0
3186,0,0,1
13833,0,0,1
4960,0,1,0
2478,1,0,0
2125,0,1,0
7763,0,1,0
9946,0,1,0
7797,0,0,1
7671,0,0,1
8279,0,1,0
10560,1,0,0
6981,0,1,0
7276,1,0,0
4655,0,0,1
6733,0,1,0
12799,1,0,0
10858,0,0,1
11768,0,0,1
3254,0,0,1
6151,0,1,0
7435,0,1,0
4419,1,0,0
9599,0,0,1
13889,0,0,1
11962,0,1,0
12197,0,1,0
11004,1,0,0
12722,0,1,0
13749,0,1,0
4452,1,0,0
12055,0,1,0
3571,0,1,0
477,0,1,0
3246,0,1,0
3464,0,0,1
3954,1,0,0
2637,0,1,0
7592,1,0,0
12883,0,1,0
1776,0,0,1
5760,0,1,0
9102,0,0,1
8980,0,1,0
2702,0,0,1
1645,0,1,0
8955,0,1,0
11374,0,1,0
2938,1,0,0
11859,1,0,0
3716,0,1,0
12634,0,1,0
10322,1,0,0
7803,1,0,0
11040,0,1,0
3728,0,1,0
6038,0,0,1
13605,0,1,0
9622,0,1,0
13825,1,0,0
6159,1,0,0
13484,0,1,0
12259,1,0,0
4513,0,1,0
6576,1,0,0
13197,0,1,0
9345,0,0,1
12857,0,0,1
12973,0,1,0
11490,0,1,0
13832,0,0,1
10096,0,0,1
6288,0,0,1
10518,0,0,1
7744,1,0,0
5509,0,1,0
2457,0,1,0
692,0,1,0
5763,0,1,0
5818,1,0,0
8020,0,1,0
5135,0,1,0
10399,0,1,0
5213,0,1,0
11472,0,0,1
11205,0,0,1
4413,0,1,0
5759,0,1,0
5809,0,1,0
5238,0,1,0
2718,0,1,0
2957,1,0,0
9785,1,0,0
8346,1,0,0
3370,0,1,0
13618,1,0,0
2362,1,0,0
4614,0,1,0
7721,0,0,1
9375,0,0,1
2464,0,1,0
262,1,0,0
11953,0,1,0
13774,1,0,0
9326,0,1,0
8080,0,1,0
10420,0,1,0
6242,0,1,0
9645,0,0,1
3046,1,0,0
2431,0,1,0
602,0,1,0
13320,0,0,1
11583,0,1,0
11131,0,1,0
3406,1,0,0
1403,0,0,1
12929,0,0,1
13082,0,1,0
11566,0,1,0
6698,0,0,1
7269,1,0,0
11846,0,0,1
6908,1,0,0
926,0,1,0
2724,0,0,1
148,0,0,1
13367,1,0,0
2998,0,1,0
11399,0,0,1
10477,1,0,0
10737,0,0,1
424,0,0,1
9976,0,1,0
12513,1,0,0
10673,1,0,0
6523,0,1,0
10509,0,0,1
6256,1,0,0
13781,0,0,1
2119,0,1,0
3900,1,0,0
5304,0,1,0
12607,0,0,1
5795,0,1,0
11699,0,0,1
8129,1,0,0
9898,0,0,1
4526,0,0,1
195,1,0,0
13771,0,1,0
8751,0,0,1
6077,0,0,1
1846,0,1,0
1472,0,0,1
10441,0,0,1
1247,0,0,1
5522,1,0,0
2131,0,1,0
2734,0,0,1
10751,1,0,0
11981,0,1,0
1516,1,0,0
11086,0,0,1
1741,0,0,1
11916,0,1,0
794,1,0,0
6026,1,0,0
3097,0,0,1
7792,0,0,1
1945,0,1,0
4187,0,1,0
13113,0,0,1
6195,1,0,0
2028,0,1,0
6350,1,0,0
9850,1,0,0
7120,1,0,0
12429,0,0,1
12888,1,0,0
1575,1,0,0
1915,0,0,1
4373,0,1,0
12021,0,0,1
2527,1,0,0
9999,0,1,0
13540,1,0,0
3821,1,0,0
746,0,0,1
5276,0,1,0
4517,0,0,1
10756,1,0,0
9099,0,1,0
5578,0,1,0
3048,1,0,0
11173,0,1,0
1618,0,1,0
8501,0,1,0
11524,0,0,1
2440,0,0,1
678,0,0,1
4710,0,0,1
2120,0,0,1
3813,0,0,1
12159,0,0,1
10568,0,1,0
11955,0,0,1
8597,1,0,0
8952,0,0,1
8555,0,1,0
10847,0,0,1
11380,1,0,0
8526,0,0,1
13707,1,0,0
7449,0,1,0
6818,0,0,1
11127,0,1,0
2763,0,0,1
5101,1,0,0
3581,0,0,1
13144,0,0,1
4677,0,1,0
13360,1,0,0
7384,0,0,1
10620,0,0,1
2870,1,0,0
4455,1,0,0
95,1,0,0
9278,0,0,1
4209,1,0,0
2182,0,1,0
976,0,1,0
13313,0,0,1
8331,0,0,1
13632,0,0,1
296,1,0,0
1147,0,1,0
9419,0,0,1
9716,0,1,0
11124,0,0,1
12860,0,1,0
13149,1,0,0
6644,1,0,0
7779,1,0,0
2276,0,0,1
2515,1,0,0
11291,0,1,0
4653,0,0,1
4731,0,1,0
3783,1,0,0
6903,0,0,1
12644,1,0,0
5173,0,0,1
11352,1,0,0
13874,1,0,0
9133,0,0,1
13158,0,1,0
1611,1,0,0
10717,0,1,0
3466,0,0,1
11476,1,0,0
7127,0,1,0
5972,0,1,0
7357,0,1,0
344,0,1,0
2647,0,1,0
13426,1,0,0
3182,1,0,0
8251,0,1,0
11498,1,0,0
5916,0,0,1
10659,1,0,0
1251,1,0,0
8384,0,1,0
13023,0,0,1
6208,0,1,0
10215,1,0,0
13738,0,0,1
12306,1,0,0
8113,0,0,1
4012,0,0,1
9788,1,0,0
6802,0,1,0
12030,1,0,0
12517,0,1,0
5183,0,1,0
1090,0,0,1
13882,0,0,1
5373,0,0,1
9238,0,1,0
8932,1,0,0
4217,1,0,0
3864,0,1,0
2163,0,1,0
322,0,0,1
5111,0,0,1
3391,1,0,0
13087,0,1,0
450,0,0,1
126,1,0,0
916,1,0,0
3945,0,0,1
11903,0,1,0
4682,1,0,0
3158,0,1,0
12469,0,1,0
4534,1,0,0
7194,1,0,0
2384,0,0,1
9320,1,0,0
8017,1,0,0
5300,0,0,1
7009,0,1,0
5016,0,1,0
5038,0,1,0
5791,0,0,1
36,0,1,0
3219,0,0,1
3539,0,0,1
11094,0,1,0
1058,1,0,0
5092,0,1,0
11303,0,0,1
8698,0,1,0
5400,0,1,0
13356,1,0,0
10285,0,0,1
7476,1,0,0
2455,1,0,0
1254,0,0,1
10638,1,0,0
9352,0,1,0
10855,0,1,0
1360,1,0,0
2540,0,0,1
6234,0,1,0
6085,0,1,0
1613,0,0,1
2394,1,0,0
5588,0,1,0
12954,0,0,1
11415,1,0,0
9467,1,0,0
5230,0,0,1
2829,0,0,1
410,1,0,0
8292,0,1,0
6196,0,0,1
7538,1,0,0
691,1,0,0
6255,0,1,0
3396,0,0,1
12390,1,0,0
11641,1,0,0
8132,1,0,0
3791,0,1,0
2340,0,0,1
7214,1,0,0
11919,0,1,0
12819,0,1,0
13815,0,0,1
2264,0,0,1
8446,1,0,0
8910,0,1,0
7113,1,0,0
2797,0,0,1
8072,0,1,0
4651,0,0,1
37,0,1,0
5007,0,1,0
5356,0,0,1
10513,0,1,0
8940,1,0,0
11088,1,0,0
13677,1,0,0
904,0,0,1
10989,1,0,0
8004,1,0,0
11332,0,0,1
5463,0,1,0
9491,0,1,0
4531,0,0,1
2854,0,1,0
6347,0,1,0
7363,0,0,1
13785,0,0,1
789,1,0,0
2227,0,0,1
8185,1,0,0
5533,0,1,0
1182,0,1,0
12034,0,0,1
3950,1,0,0
5889,0,0,1
8381,1,0,0
1504,1,0,0
11632,0,0,1
8057,1,0,0
12947,0,1,0
9577,1,0,0
9760,1,0,0
4242,1,0,0
4282,0,0,1
7658,0,0,1
10578,1,0,0
11231,1,0,0
7239,0,1,0
1489,0,1,0
870,1,0,0
2265,0,0,1
9746,0,0,1
10231,0,1,0
1163,0,1,0
3826,0,0,1
6260,0,1,0
7550,0,0,1
11942,0,0,1
213,0,0,1
3109,0,1,0
13443,0,0,1
3123,1,0,0
6887,0,1,0
8729,1,0,0
6246,0,1,0
2509,0,1,0
717,0,0,1
517,0,1,0
7639,0,0,1
10780,0,0,1
5835,1,0,0
6620,0,0,1
2629,0,0,1
12315,0,0,1
12783,0,1,0
10580,0,1,0
8716,0,1,0
3830,0,0,1
4659,1,0,0
1923,0,0,1
8468,1,0,0
9655,0,1,0
10370,0,0,1
13900,0,0,1
7695,1,0,0
8323,0,0,1
13518,0,0,1
1764,1,0,0
13252,1,0,0
13719,0,1,0
6379,0,0,1
11636,0,0,1
6751,0,0,1
4604,0,1,0
8859,0,1,0
11724,0,0,1
1697,0,0,1
13038,0,0,1
6396,0,1,0
5593,0,1,0
12389,0,0,1
4541,0,1,0
6478,0,1,0
12719,0,1,0
1844,0,0,1
4936,0,0,1
12355,0,1,0
6201,0,1,0
12157,0,0,1
13694,1,0,0
12640,0,0,1
4720,0,0,1
13692,0,0,1
7131,1,0,0
9360,1,0,0
11519,1,0,0
5561,0,0,1
555,0,1,0
13219,1,0,0
10282,0,1,0
5013,0,1,0
9868,1,0,0
11009,0,1,0
13039,0,1,0
3188,0,0,1
13992,1,0,0
12358,0,1,0
7326,1,0,0
2288,1,0,0
8839,0,1,0
4519,0,1,0
2525,0,1,0
628,1,0,0
8911,0,0,1
8031,0,0,1
4240,0,0,1
8489,1,0,0
270,0,0,1
3906,0,1,0
8226,1,0,0
13788,0,1,0
291,0,1,0
1922,1,0,0
2009,0,0,1
7122,0,0,1
6742,1,0,0
874,1,0,0
293,0,0,1
7553,0,0,1
1086,0,0,1
10743,0,1,0
4673,1,0,0
10844,0,1,0
13639,0,0,1
571,1,0,0
7159,0,0,1
10975,0,1,0
1694,0,0,1
8362,0,1,0
6851,0,0,1
13218,1,0,0
4173,0,1,0
8213,0,0,1
12704,0,1,0
3222,0,1,0
2711,0,1,0
6662,0,1,0
1770,0,0,1
8224,0,0,1
2542,0,1,0
9822,0,0,1
4938,0,1,0
7299,1,0,0
9269,0,1,0
638,0,1,0
13274,0,1,0
894,0,1,0
2206,1,0,0
6879,0,1,0
3136,1,0,0
8791,0,1,0
13915,0,0,1
12022,0,0,1
13191,0,0,1
5151,0,0,1
10463,0,1,0
7473,0,0,1
765,0,1,0
5846,0,1,0
10006,0,1,0
13924,1,0,0
1558,0,1,0
7534,1,0,0
2994,1,0,0
11351,1,0,0
9765,1,0,0
3879,0,1,0
7167,1,0,0
10773,0,0,1
3849,0,0,1
250,0,0,1
8775,1,0,0
1837,0,0,1
5374,1,0,0
8176,0,0,1
10611,0,0,1
8577,0,1,0
10545,0,0,1
11614,0,1,0
8300,0,1,0
5569,1,0,0
1655,0,1,0
10222,1,0,0
2483,1,0,0
11172,1,0,0
11158,1,0,0
4492,0,1,0
9383,0,0,1
1982,0,1,0
595,0,1,0
12465,1,0,0
13178,1,0,0
4965,0,1,0
6551,0,0,1
12919,0,0,1
7734,0,0,1
7040,0,1,0
13552,0,1,0
515,0,1,0
11157,0,0,1
9799,0,1,0
12229,1,0,0
12479,0,0,1
6842,1,0,0
3101,1,0,0
12214,1,0,0
11225,1,0,0
11148,0,1,0
3074,0,1,0
5389,0,1,0
7654,1,0,0
10207,0,0,1
10684,1,0,0
4272,0,1,0
10256,0,1,0
9848,1,0,0
7043,0,0,1
9171,0,1,0
4140,1,0,0
10526,0,0,1
1782,1,0,0
8818,0,0,1
13871,0,1,0
11363,1,0,0
534,0,1,0
2627,0,0,1
76,0,1,0
6930,0,0,1
4126,1,0,0
60,0,0,1
4171,1,0,0
655,1,0,0
12311,0,1,0
3764,0,1,0
4364,0,1,0
10194,1,0,0
1939,1,0,0
1153,1,0,0
702,0,0,1
6693,0,0,1
8550,0,1,0
6090,0,0,1
9987,0,1,0
5527,0,0,1
634,0,0,1
9174,0,1,0
4667,1,0,0
9355,0,1,0
5061,0,0,1
1954,1,0,0
8277,1,0,0
7390,0,1,0
3560,0,0,1
7881,1,0,0
3051,0,0,1
11100,1,0,0
10008,0,0,1
13086,0,0,1
556,0,1,0
8207,1,0,0
10164,0,0,1
13489,0,1,0
12230,1,0,0
10573,1,0,0
7631,0,0,1
5761,0,1,0
605,0,1,0
10345,0,1,0
7093,0,1,0
10458,0,0,1
3824,0,1,0
11022,0,1,0
1810,1,0,0
13800,1,0,0
93,0,1,0
12323,0,0,1
8365,0,0,1
3302,0,0,1
10492,0,1,0
783,0,0,1
2860,0,0,1
9744,0,0,1
5205,1,0,0
10865,0,0,1
10305,0,0,1
13591,0,1,0
2774,0,0,1
1550,0,1,0
7448,0,0,1
3290,1,0,0
3339,0,1,0
6229,0,0,1
12877,1,0,0
12093,1,0,0
4102,1,0,0
8913,0,0,1
4068,0,1,0
5049,0,1,0
11653,0,1,0
1178,1,0,0
8000,0,1,0
13466,0,0,1
3921,0,0,1
4530,0,0,1
7207,0,1,0
4857,1,0,0
7004,0,1,0
5410,0,1,0
7301,1,0,0
941,1,0,0
10985,1,0,0
1891,1,0,0
998,1,0,0
11759,1,0,0
4726,0,0,1
7571,0,1,0
6403,0,1,0
2050,1,0,0
11477,1,0,0
1979,1,0,0
13787,0,0,1
11833,0,1,0
6928,1,0,0
6712,1,0,0
1208,0,0,1
9612,0,1,0
10584,1,0,0
12894,0,1,0
13921,0,0,1
4135,1,0,0
10729,0,0,1
1088,1,0,0
19,1,0,0
6414,0,1,0
10471,0,1,0
13081,0,0,1
13634,0,1,0
8895,0,1,0
1075,0,1,0
3043,0,1,0
6944,1,0,0
6946,0,1,0
662,1,0,0
12305,0,1,0
39,0,0,1
3637,0,0,1
11348,1,0,0
9150,1,0,0
2403,0,1,0
8034,0,0,1
4958,0,1,0
9546,0,0,1
1867,0,1,0
1128,0,1,0
1036,1,0,0
11794,0,1,0
5641,0,0,1
11117,0,0,1
2832,0,0,1
6389,0,1,0
2905,0,0,1
5036,1,0,0
9971,0,0,1
6882,1,0,0
12910,0,0,1
12970,0,0,1
5434,1,0,0
12737,0,0,1
9878,0,0,1
5628,1,0,0
1918,0,0,1
5919,0,0,1
12949,0,0,1
10168,0,1,0
9087,0,0,1
11515,0,1,0
13657,0,0,1
12952,1,0,0
1083,0,0,1
10852,1,0,0
4923,0,0,1
13155,0,0,1
1007,0,0,1
7886,1,0,0
6461,1,0,0
12649,1,0,0
8722,0,0,1
7676,0,1,0
13130,0,1,0
12631,1,0,0
3153,1,0,0
2399,1,0,0
9251,0,0,1
11834,0,1,0
11943,0,0,1
9551,0,0,1
12595,1,0,0
197,0,0,1
551,0,0,1
4354,0,1,0
3098,1,0,0
11580,0,0,1
13400,1,0,0
3693,0,0,1
11854,1,0,0
8588,0,1,0
1221,0,1,0
11245,1,0,0
9692,1,0,0
5877,0,0,1
8130,0,1,0
12360,0,1,0
9159,0,1,0
9677,0,1,0
8803,0,1,0
33,0,1,0
178,0,1,0
5901,0,0,1
2712,1,0,0
1942,0,0,1
6936,1,0,0
7895,0,0,1
2380,0,1,0
7714,1,0,0
3462,0,1,0
9106,0,0,1
5747,0,1,0
10192,1,0,0
9525,0,0,1
2917,0,0,1
5280,0,0,1
9633,0,0,1
382,0,0,1
5827,1,0,0
13369,0,1,0
9985,1,0,0
3881,0,1,0
8880,1,0,0
2610,1,0,0
11264,0,1,0
9815,1,0,0
3337,0,0,1
9549,1,0,0
11014,0,1,0
137,0,0,1
8191,0,0,1
4116,0,1,0
42,0,1,0
6943,0,1,0
11812,0,0,1
12158,0,0,1
7815,0,1,0
12402,0,0,1
8007,0,1,0
3331,0,0,1
11297,1,0,0
788,1,0,0
2195,1,0,0
13423,0,1,0
1672,0,1,0
12216,0,1,0
12160,0,0,1
9798,0,0,1
8092,0,1,0
3487,0,1,0
7440,0,0,1
11803,0,0,1
9046,1,0,0
4896,0,1,0
1098,0,1,0
13907,1,0,0
12609,0,1,0
11195,1,0,0
10393,1,0,0
9160,0,0,1
10315,1,0,0
11587,0,1,0
11424,0,0,1
13268,1,0,0
13327,0,1,0
1690,0,1,0
255,0,1,0
8659,1,0,0
3657,1,0,0
7843,0,1,0
582,1,0,0
13993,0,0,1
226,0,0,1
12242,1,0,0
10253,0,1,0
8061,0,1,0
10719,1,0,0
8371,0,1,0
1756,0,0,1
5221,1,0,0
6219,0,0,1
13390,0,1,0
7762,0,0,1
2461,0,1,0
3711,1,0,0
9232,1,0,0
9201,1,0,0
10027,0,1,0
2696,0,1,0
1928,0,0,1
1214,0,0,1
5833,1,0,0
9367,0,0,1
6138,1,0,0
2935,0,1,0
13444,1,0,0
10662,1,0,0
1802,1,0,0
13474,0,1,0
9773,1,0,0
3129,0,0,1
3486,1,0,0
2626,0,0,1
3090,0,1,0
1759,1,0,0
6846,0,1,0
10417,0,1,0
5990,0,0,1
923,1,0,0
3647,0,0,1
12807,1,0,0
6365,0,1,0
1490,1,0,0
6465,0,1,0
10497,1,0,0
3420,1,0,0
2993,0,1,0
10258,1,0,0
10341,0,1,0
8848,1,0,0
3695,0,0,1
12969,0,0,1
481,0,0,1
4589,0,0,1
1537,0,0,1
13839,1,0,0
2578,1,0,0
12367,0,1,0
13670,0,0,1
13346,0,0,1
7549,1,0,0
8441,1,0,0
7088,0,0,1
1874,1,0,0
5863,0,0,1
5203,1,0,0
212,1,0,0
12005,0,0,1
2633,1,0,0
12960,0,0,1
1276,0,1,0
11437,0,0,1
13936,1,0,0
3030,1,0,0
6933,1,0,0
1604,0,0,1
7737,0,1,0
13015,0,1,0
12140,0,0,1
5946,1,0,0
4355,0,1,0
12676,0,1,0
2468,0,0,1
6084,1,0,0
11627,0,0,1
1450,1,0,0
3467,0,1,0
10897,0,1,0
6613,1,0,0
12710,1,0,0
12955,0,1,0
3401,0,1,0
13945,0,1,0
4002,0,0,1
5915,0,0,1
4698,0,0,1
1883,0,0,1
11961,1,0,0
4897,0,1,0
1185,1,0,0
9396,1,0,0
12552,0,1,0
5293,1,0,0
13297,1,0,0
1531,1,0,0
2791,0,1,0
5190,1,0,0
8694,0,1,0
8781,0,1,0
10951,0,1,0
9107,0,0,1
12953,1,0,0
1581,0,1,0
12447,0,0,1
2569,0,0,1
3729,0,1,0
4563,0,0,1
288,0,1,0
1644,0,0,1
5398,0,0,1
129,0,0,1
6312,1,0,0
10707,0,1,0
290,0,1,0
7653,0,0,1
5645,0,0,1
114,1,0,0
9002,0,1,0
10972,0,0,1
13154,0,1,0
3752,0,0,1
1925,0,0,1
9481,0,1,0
11780,0,1,0
458,0,0,1
13031,0,0,1
12818,0,1,0
8884,1,0,0
5385,0,1,0
5097,0,1,0
7372,0,1,0
13391,0,0,1
6469,0,1,0
13289,1,0,0
7421,0,0,1
8916,1,0,0
3869,0,0,1
12187,0,1,0
5649,1,0,0
10854,0,1,0
6238,0,0,1
5451,0,0,1
557,1,0,0
3356,1,0,0
13589,0,1,0
10841,0,1,0
7062,1,0,0
9050,1,0,0
4759,0,0,1
2939,0,1,0
1871,0,1,0
10211,0,1,0
2551,0,1,0
8321,1,0,0
6552,0,0,1
5584,0,1,0
12177,1,0,0
11862,0,1,0
752,1,0,0
4794,0,0,1
12330,0,1,0
3978,0,1,0
6104,1,0,0
2252,0,0,1
11976,0,0,1
12927,0,0,1
5039,0,0,1
2126,0,0,1
8248,1,0,0
5068,0,1,0
9253,0,0,1
1510,0,1,0
9227,0,1,0
808,0,0,1
4428,1,0,0
9891,0,1,0
6679,0,1,0
12188,1,0,0
6123,0,0,1
527,0,1,0
8454,0,1,0
11522,0,1,0
12408,0,0,1
11950,1,0,0
11275,0,0,1
588,0,0,1
4035,0,0,1
11435,0,1,0
7908,0,1,0
8183,1,0,0
340,1,0,0
401,0,1,0
10644,0,1,0
5520,0,0,1
929,1,0,0
10971,1,0,0
4865,1,0,0
1398,0,0,1
9282,0,1,0
5719,0,0,1
2219,1,0,0
5328,0,1,0
959,0,1,0
5732,0,1,0
10846,0,0,1
6381,0,0,1
473,0,0,1
12988,1,0,0
13349,0,0,1
13720,0,1,0
5245,1,0,0
7705,0,0,1
10462,0,1,0
7431,0,1,0
6855,0,1,0
5954,1,0,0
631,0,1,0
5105,0,1,0
5608,0,0,1
2446,1,0,0
1250,1,0,0
8849,0,0,1
3675,0,1,0
7806,0,1,0
8641,0,1,0
669,0,1,0
8141,0,1,0
2766,0,0,1
10667,0,1,0
11370,0,0,1
6745,1,0,0
10617,0,0,1
1481,0,0,1
4438,0,1,0
12489,0,1,0
12040,1,0,0
5364,0,0,1
3287,1,0,0
13254,0,1,0
1073,1,0,0
5762,0,0,1
10003,0,1,0
1627,0,1,0
7052,1,0,0
3998,0,0,1
2324,1,0,0
3958,0,1,0
5456,0,0,1
6319,0,0,1
4556,0,0,1
5320,1,0,0
13631,1,0,0
4954,1,0,0
7704,0,0,1
13633,0,1,0
3483,1,0,0
1994,0,0,1
8448,0,1,0
5930,1,0,0
13544,1,0,0
13798,0,0,1
1069,0,1,0
6825,1,0,0
10954,0,1,0
12067,0,1,0
2611,0,1,0
7254,1,0,0
4850,1,0,0
2248,1,0,0
10616,0,0,1
2250,0,1,0
901,0,1,0
7498,0,0,1
3910,0,1,0
217,1,0,0
4762,0,1,0
12842,0,0,1
3016,1,0,0
10460,0,0,1
546,0,0,1
7171,0,0,1
12420,0,1,0
10332,0,0,1
4465,0,1,0
2513,1,0,0
2315,0,1,0
5638,1,0,0
7389,0,0,1
10582,0,0,1
4281,1,0,0
5707,0,1,0
10406,1,0,0
6409,0,0,1
13736,0,0,1
1995,0,1,0
538,1,0,0
9038,1,0,0
7615,0,1,0
5926,0,0,1
9926,1,0,0
3311,0,0,1
8179,0,0,1
5978,0,0,1
3622,0,0,1
7304,0,1,0
1511,0,0,1
8956,1,0,0
5060,0,0,1
2096,0,1,0
2198,0,1,0
10233,0,0,1
11103,0,1,0
110,0,0,1
3989,0,0,1
4086,0,0,1
8364,1,0,0
8068,1,0,0
1407,1,0,0
5950,1,0,0
9813,0,1,0
668,1,0,0
1006,1,0,0
8559,0,1,0
2646,0,1,0
12568,0,1,0
1678,0,0,1
3805,1,0,0
2236,1,0,0
10411,0,1,0
9770,0,1,0
5627,1,0,0
5413,0,0,1
7183,0,0,1
2194,1,0,0
8238,0,1,0
10927,0,0,1
9209,0,1,0
3760,1,0,0
9508,0,1,0
6155,0,1,0
2751,1,0,0
10243,0,1,0
11240,0,0,1
13165,0,0,1
13583,1,0,0
9587,0,0,1
4812,0,0,1
5118,0,0,1
8138,0,1,0
689,0,1,0
13786,0,1,0
5806,0,0,1
2771,0,1,0
6635,1,0,0
13240,0,1,0
486,1,0,0
11643,0,1,0
8685,0,1,0
5155,0,0,1
3909,1,0,0
6663,0,1,0
4010,0,0,1
8397,0,0,1
10244,0,1,0
9635,0,1,0
5726,1,0,0
12625,0,0,1
4502,0,0,1
8499,0,0,1
3403,1,0,0
11820,0,1,0
7808,1,0,0
12008,1,0,0
9057,0,1,0
7399,1,0,0
2618,0,1,0
5731,0,1,0
12271,0,0,1
5412,0,1,0
2069,1,0,0
3465,0,1,0
1082,0,1,0
13077,0,1,0
11850,0,0,1
11302,1,0,0
2225,0,1,0
6128,0,1,0
6536,1,0,0
73,1,0,0
3877,1,0,0
1003,0,0,1
2612,1,0,0
1683,1,0,0
501,0,0,1
7522,0,1,0
13179,1,0,0
2586,0,1,0
12514,0,1,0
13185,0,1,0
11825,1,0,0
2110,0,0,1
13744,1,0,0
2841,0,1,0
13162,0,0,1
12023,0,0,1
12665,1,0,0
7618,1,0,0
9189,0,1,0
636,0,0,1
3820,1,0,0
10063,0,0,1
12547,0,0,1
10179,0,0,1
6481,1,0,0
7516,1,0,0
11729,0,1,0
3972,0,1,0
5138,1,0,0
9248,0,1,0
7943,1,0,0
3096,1,0,0
2192,0,1,0
268,0,0,1
7434,0,1,0
13379,0,0,1
11692,0,1,0
9457,0,0,1
9224,0,1,0
272,0,1,0
7874,0,0,1
8360,0,1,0
4095,0,0,1
8981,1,0,0
10301,0,0,1
3513,1,0,0
12820,0,1,0
9202,0,1,0
12463,0,0,1
357,0,0,1
9140,0,1,0
1077,0,0,1
5567,1,0,0
12016,0,1,0
6514,0,1,0
6434,0,1,0
12058,0,0,1
13042,1,0,0
5187,0,0,1
30,1,0,0
10556,0,0,1
464,1,0,0
4979,0,0,1
645,0,0,1
4315,1,0,0
8417,1,0,0
1382,1,0,0
2619,0,0,1
3453,0,0,1
6727,0,1,0
13653,1,0,0
3490,0,0,1
13117,1,0,0
5542,1,0,0
8599,1,0,0
11676,1,0,0
7444,0,0,1
13831,0,0,1
13382,0,1,0
1029,0,0,1
4196,0,1,0
11514,0,1,0
10219,0,0,1
6976,0,1,0
2667,0,0,1
3366,0,1,0
362,1,0,0
4737,0,0,1
1858,1,0,0
13350,0,1,0
7252,1,0,0
6607,1,0,0
10053,1,0,0
688,0,0,1
12152,1,0,0
13295,0,0,1
7323,0,0,1
9719,0,1,0
12824,0,1,0
4691,1,0,0
9637,0,1,0
6039,0,0,1
10196,1,0,0
8172,0,0,1
3784,0,0,1
9036,0,1,0
3463,1,0,0
7637,0,1,0
6262,0,0,1
2529,0,1,0
4909,0,1,0
5776,0,1,0
4198,1,0,0
1657,1,0,0
5059,0,1,0
13388,0,1,0
10368,0,0,1
2516,1,0,0
9167,0,0,1
2534,1,0,0
62,0,1,0
8350,0,1,0
2298,0,0,1
7814,1,0,0
5550,0,0,1
127,0,0,1
1639,1,0,0
10089,0,1,0
8287,0,0,1
9261,0,0,1
7535,1,0,0
10670,0,1,0
12837,1,0,0
12620,0,0,1
10607,1,0,0
3532,0,0,1
5363,0,1,0
13243,0,0,1
4544,0,0,1
9663,1,0,0
5223,0,1,0
8385,0,0,1
711,0,0,1
6621,0,1,0
2537,0,1,0
5418,0,1,0
8852,0,1,0
10136,1,0,0
7104,0,0,1
7754,0,0,1
13168,0,1,0
9399,1,0,0
1507,0,1,0
99,0,1,0
4363,1,0,0
476,0,0,1
13332,1,0,0
1151,0,1,0
728,0,1,0
1064,0,0,1
7443,0,1,0
13330,0,0,1
9339,1,0,0
8661,0,1,0
9571,0,1,0
9210,1,0,0
5753,1,0,0
12163,0,1,0
3516,0,1,0
9532,0,1,0
7952,1,0,0
8136,0,1,0
12144,0,0,1
3744,0,1,0
9122,0,0,1
2381,0,0,1
13460,0,1,0
13564,0,0,1
2029,1,0,0
8902,0,0,1
5046,1,0,0
9873,0,0,1
13643,0,1,0
13875,0,0,1
6624,1,0,0
10697,1,0,0
184,0,0,1
289,0,0,1
9865,1,0,0
9384,0,0,1
7386,1,0,0
2360,0,0,1
4156,1,0,0
1135,0,1,0
1461,0,1,0
1981,0,0,1
12492,0,1,0
7447,1,0,0
13909,1,0,0
4118,1,0,0
12716,1,0,0
12657,0,1,0
4399,1,0,0
4110,0,0,1
7679,0,1,0
6856,0,0,1
8586,0,0,1
8903,0,0,1
12416,0,1,0
12220,0,0,1
3146,0,0,1
4974,0,1,0
12573,0,0,1
12611,0,1,0
5162,0,0,1
3880,0,0,1
6916,0,0,1
1739,0,1,0
8270,0,0,1
10469,0,1,0
723,0,0,1
7089,0,0,1
7659,0,0,1
168,1,0,0
5559,0,1,0
8502,0,1,0
10619,0,0,1
3499,0,1,0
6863,1,0,0
13292,0,0,1
1654,0,1,0
1034,0,0,1
4987,0,1,0
11218,1,0,0
9312,1,0,0
5265,0,1,0
10129,0,0,1
9685,0,1,0
4672,0,0,1
6369,1,0,0
12307,0,1,0
13107,0,1,0
10270,1,0,0
12958,0,0,1
8001,0,1,0
12115,1,0,0
11847,1,0,0
4771,0,1,0
7112,0,1,0
9574,1,0,0
11043,0,0,1
2230,0,0,1
11239,0,1,0
3658,1,0,0
9398,0,0,1
7329,0,1,0
11381,0,0,1
5688,1,0,0
10022,1,0,0
2067,0,1,0
9203,0,1,0
4782,1,0,0
9771,0,1,0
7888,0,1,0
10047,1,0,0
11005,1,0,0
1439,1,0,0
246,0,1,0
13660,1,0,0
8310,1,0,0
11364,0,0,1
3204,1,0,0
13135,0,1,0
7044,0,0,1
9887,0,0,1
5894,0,0,1
10093,1,0,0
5977,0,1,0
4221,0,1,0
8405,0,1,0
12236,1,0,0
2368,1,0,0
3763,1,0,0
5399,0,1,0
10820,0,0,1
5103,0,0,1
13899,1,0,0
862,1,0,0
11038,1,0,0
797,0,1,0
8939,0,0,1
4550,1,0,0
9330,0,1,0
4025,0,0,1
11273,0,1,0
5224,0,0,1
7472,1,0,0
12202,0,0,1
9096,0,0,1
9178,0,0,1
8203,0,1,0
6370,1,0,0
10117,1,0,0
13078,0,1,0
1053,0,0,1
6598,1,0,0
10939,0,0,1
7416,1,0,0
10171,1,0,0
4692,0,1,0
2697,0,0,1
4336,1,0,0
3663,0,0,1
1959,1,0,0
11078,0,1,0
9043,1,0,0
4400,0,0,1
1068,1,0,0
627,0,0,1
7285,1,0,0
4228,0,1,0
9266,0,0,1
6388,0,0,1
10275,0,1,0
10041,0,0,1
13470,0,1,0
13870,1,0,0
11446,1,0,0
5662,1,0,0
12751,0,1,0
8309,0,1,0
9348,0,1,0
324,0,0,1
9986,1,0,0
5887,1,0,0
12246,1,0,0
2819,0,0,1
6677,0,1,0
10537,0,1,0
7568,0,0,1
3621,0,0,1
11996,0,0,1
7989,0,1,0
3455,0,1,0
1485,1,0,0
10480,1,0,0
13661,1,0,0
8487,1,0,0
9727,0,1,0
2842,0,1,0
5259,0,1,0
917,0,1,0
13806,1,0,0
12423,0,0,1
12779,0,0,1
4713,1,0,0
12775,1,0,0
5991,1,0,0
2231,1,0,0
8639,0,0,1
12054,0,0,1
12301,0,0,1
5201,0,0,1
7150,1,0,0
6533,1,0,0
4701,1,0,0
12612,1,0,0
13275,1,0,0
9135,0,0,1
10112,0,0,1
4522,0,1,0
10978,1,0,0
10795,1,0,0
10071,0,1,0
7699,0,0,1
10457,1,0,0
5708,1,0,0
7651,0,1,0
422,1,0,0
10123,0,0,1
3498,0,0,1
11734,0,1,0
13637,0,0,1
11534,0,0,1
12219,1,0,0
1126,0,1,0
435,1,0,0
6591,1,0,0
10668,0,1,0
4542,1,0,0
5337,1,0,0
8475,0,1,0
1796,0,0,1
9954,1,0,0
13471,0,1,0
6739,1,0,0
12639,0,1,0
12293,1,0,0
7960,1,0,0
7236,0,1,0
12064,0,1,0
303,0,1,0
2640,1,0,0
4147,0,0,1
6577,0,1,0
1842,1,0,0
3023,0,1,0
12661,1,0,0
9025,0,0,1
5091,1,0,0
2166,0,1,0
9176,0,0,1
10906,1,0,0
10107,0,0,1
5964,1,0,0
3459,0,0,1
6898,0,0,1
6760,1,0,0
7846,0,0,1
11174,1,0,0
11705,1,0,0
2395,1,0,0
3206,0,0,1
2427,1,0,0
11761,0,1,0
1560,1,0,0
487,1,0,0
1832,0,0,1
13348,1,0,0
9337,1,0,0
1262,1,0,0
11152,1,0,0
6332,1,0,0
8425,1,0,0
7536,0,1,0
11450,0,0,1
12797,1,0,0
10994,0,0,1
12805,0,1,0
2839,0,0,1
10679,0,0,1
10400,0,1,0
3801,1,0,0
8809,0,0,1
6018,1,0,0
776,0,0,1
4747,1,0,0
7263,0,1,0
11655,0,1,0
5782,1,0,0
681,0,1,0
12484,0,1,0
11293,0,1,0
9446,0,1,0
3021,0,0,1
8018,0,1,0
9117,1,0,0
1635,0,1,0
9988,0,0,1
238,1,0,0
9617,1,0,0
11987,1,0,0
3901,0,0,1
5621,1,0,0
6375,0,0,1
5376,0,1,0
13514,0,1,0
12491,0,1,0
2179,1,0,0
1760,0,0,1
2949,0,0,1
10640,0,1,0
8717,1,0,0
4030,0,1,0
7755,0,1,0
11620,0,0,1
1889,0,0,1
10786,0,1,0
4558,0,1,0
3416,0,1,0
8719,0,1,0
4800,0,1,0
5444,1,0,0
6299,0,1,0
13650,1,0,0
10983,0,0,1
9286,0,0,1
9290,0,1,0
2291,0,1,0
8885,0,1,0
10127,1,0,0
11690,0,0,1
7891,1,0,0
1293,0,0,1
240,0,1,0
3081,0,1,0
13587,1,0,0
3862,1,0,0
981,0,1,0
8598,1,0,0
11845,0,0,1
4790,0,1,0
13665,1,0,0
9076,0,1,0
9172,0,1,0
9941,0,0,1
3201,1,0,0
1686,0,1,0
8003,1,0,0
10080,1,0,0
3147,0,1,0
10500,1,0,0
12435,0,0,1
2562,0,0,1
4739,0,1,0
4626,0,1,0
7913,1,0,0
4108,1,0,0
1987,0,1,0
12532,0,0,1
5697,0,1,0
6584,1,0,0
5,0,0,1
6684,0,0,1
9158,0,0,1
5424,0,1,0
6408,0,1,0
6275,0,0,1
945,1,0,0
5394,1,0,0
572,0,1,0
12535,0,0,1
12066,1,0,0
8920,1,0,0
6407,0,1,0
7038,0,0,1
8827,0,0,1
1744,1,0,0
3550,0,1,0
8289,1,0,0
8453,0,0,1
8593,0,0,1
4269,0,0,1
9333,0,1,0
367,0,0,1
10303,1,0,0
12504,0,0,1
4533,0,0,1
6431,0,1,0
7295,0,0,1
5740,1,0,0
12791,1,0,0
3651,0,0,1
5472,0,1,0
4013,1,0,0
10879,0,0,1
4071,0,0,1
9841,0,0,1
2520,0,1,0
85,1,0,0
994,0,0,1
4073,0,1,0
10710,0,1,0
5853,0,1,0
8835,0,0,1
3200,0,0,1
11120,0,0,1
8653,0,1,0
5897,0,1,0
4505,0,1,0
11147,0,1,0
2625,1,0,0
2197,0,0,1
13088,0,0,1
6227,0,1,0
5891,0,0,1
12165,1,0,0
12046,1,0,0
6158,0,1,0
3831,0,0,1
1119,1,0,0
12694,1,0,0
10519,0,0,1
8122,0,0,1
1233,0,0,1
6498,1,0,0
8877,0,1,0
12849,0,1,0
12623,0,1,0
13104,0,0,1
1477,1,0,0
1934,1,0,0
729,0,0,1
677,1,0,0
11525,1,0,0
10036,1,0,0
6064,0,0,1
2558,0,0,1
6313,0,1,0
5074,1,0,0
580,1,0,0
4976,0,0,1
13565,1,0,0
4372,0,0,1
11300,1,0,0
5397,0,0,1
13948,0,0,1
2296,0,0,1
4154,1,0,0
1343,0,1,0
8291,0,0,1
11126,1,0,0
13783,1,0,0
4778,0,1,0
9818,1,0,0
2709,0,0,1
4696,1,0,0
4571,0,1,0
13711,0,0,1
7711,0,0,1
12135,0,1,0
11541,0,1,0
12762,1,0,0
839,0,1,0
12244,0,1,0
3628,0,1,0
13153,1,0,0
9694,0,1,0
109,1,0,0
12130,0,0,1
12855,0,1,0
6672,0,1,0
6372,1,0,0
2722,1,0,0
9888,0,0,1
9370,1,0,0
2303,0,0,1
6322,0,0,1
6736,0,0,1
6032,0,0,1
6550,0,0,1
2123,1,0,0
2448,1,0,0
12456,1,0,0
4091,1,0,0
4803,0,1,0
154,0,1,0
13342,0,1,0
7296,0,1,0
1951,0,1,0
1204,0,0,1
10594,0,0,1
12943,1,0,0
7866,1,0,0
2784,1,0,0
11003,0,0,1
1899,0,0,1
7530,1,0,0
6658,1,0,0
8782,1,0,0
9740,1,0,0
12178,1,0,0
5620,0,0,1
10247,0,1,0
6529,0,0,1
2700,0,1,0
1642,1,0,0
5917,1,0,0
9259,1,0,0
12185,0,0,1
13212,1,0,0
4112,0,0,1
2749,0,0,1
745,1,0,0
3924,0,0,1
11123,1,0,0
6704,0,0,1
4016,0,1,0
11633,1,0,0
6068,0,0,1
4772,0,0,1
907,0,1,0
7078,0,1,0
11634,0,1,0
4798,0,0,1
7333,0,0,1
939,1,0,0
10049,0,1,0
13111,1,0,0
1897,1,0,0
10774,1,0,0
6814,0,0,1
1436,0,1,0
12101,0,1,0
1199,0,0,1
3626,0,0,1
12845,0,0,1
11272,0,0,1
9490,0,1,0
3207,0,1,0
2306,1,0,0
2479,0,1,0
11518,1,0,0
8082,0,1,0
2576,0,1,0
11742,0,1,0
12870,0,1,0
12012,0,1,0
12399,0,0,1
11093,1,0,0
6992,0,0,1
8459,1,0,0
7018,0,0,1
1371,1,0,0
1106,0,0,1
13380,0,0,1
12275,0,0,1
807,0,1,0
8590,0,1,0
2397,0,1,0
5193,1,0,0
600,0,1,0
13685,0,1,0
10074,1,0,0
4500,0,1,0
10977,1,0,0
1166,0,1,0
11827,1,0,0
5436,0,1,0
6795,0,1,0
4029,0,1,0
10720,0,0,1
8118,0,0,1
12712,0,1,0
9543,1,0,0
10108,1,0,0
11110,1,0,0
4368,0,0,1
3867,0,1,0
11663,0,1,0
10686,0,0,1
11754,0,0,1
11307,0,0,1
11497,0,1,0
11491,0,1,0
10831,0,1,0
5850,0,0,1
10405,1,0,0
8222,1,0,0
4796,0,1,0
2547,0,1,0
3851,0,0,1
12050,0,0,1
2017,1,0,0
4429,0,0,1
297,1,0,0
12506,0,0,1
4322,0,0,1
651,0,1,0
307,0,0,1
12249,1,0,0
11997,1,0,0
9791,1,0,0
12405,1,0,0
12800,0,1,0
4038,1,0,0
11664,0,1,0
11256,0,1,0
9466,0,1,0
8494,0,0,1
6116,0,1,0
1180,1,0,0
9769,0,1,0
2452,0,1,0
5723,0,1,0
9524,0,0,1
8801,0,1,0
6649,0,1,0
6484,0,1,0
4234,1,0,0
3319,0,1,0
1734,0,0,1
3162,0,1,0
12572,0,0,1
4437,1,0,0
12255,0,0,1
13545,1,0,0
924,0,0,1
150,0,0,1
6397,0,0,1
1753,1,0,0
8813,1,0,0
8866,0,0,1
8415,0,1,0
5367,1,0,0
13308,0,1,0
3740,0,0,1
12357,1,0,0
751,0,1,0
5468,0,0,1
5766,0,0,1
2984,1,0,0
6249,1,0,0
3322,0,0,1
7027,1,0,0
13773,1,0,0
13997,0,1,0
10134,0,1,0
7101,0,1,0
2717,1,0,0
984,1,0,0
13276,1,0,0
7001,1,0,0
6768,0,1,0
11588,0,1,0
8905,0,1,0
242,0,0,1
1464,0,0,1
12781,0,1,0
6040,0,1,0
8986,0,0,1
6892,1,0,0
13309,0,1,0
10024,1,0,0
10228,1,0,0
6631,1,0,0
11651,0,0,1
3981,0,0,1
8029,0,1,0
6092,0,1,0
1514,1,0,0
7697,0,1,0
6558,0,0,1
2564,0,0,1
29,1,0,0
1038,1,0,0
3045,1,0,0
7293,1,0,0
698,0,0,1
7388,0,1,0
2614,0,1,0
5498,1,0,0
2556,0,0,1
938,0,1,0
9702,0,0,1
6827,0,0,1
13009,0,1,0
4501,0,1,0
411,0,0,1
10126,0,1,0
8793,1,0,0
11877,1,0,0
9477,0,1,0
10761,1,0,0
3494,0,0,1
4329,0,1,0
12526,0,0,1
7725,0,1,0
1629,0,1,0
2936,0,0,1
1768,0,0,1
12963,0,0,1
6382,1,0,0
6931,1,0,0
6982,1,0,0
1705,0,1,0
13406,1,0,0
443,1,0,0
5798,1,0,0
12669,0,1,0
10000,0,1,0
177,0,1,0
9642,0,0,1
4916,1,0,0
3562,0,0,1
11249,0,0,1
4569,0,0,1
9225,1,0,0
13282,0,0,1
4105,0,0,1
8177,0,1,0
4468,0,1,0
1610,1,0,0
10191,0,1,0
11505,1,0,0
4008,1,0,0
7642,0,1,0
4751,1,0,0
5671,0,0,1
7152,0,0,1
9995,0,0,1
10346,0,1,0
513,0,1,0
7313,0,0,1
4705,0,1,0
10562,0,0,1
2979,1,0,0
10816,0,0,1
1288,0,1,0
9478,0,0,1
12539,0,1,0
5810,0,1,0
4969,0,1,0
5438,0,1,0
6718,0,1,0
5207,1,0,0
8011,1,0,0
13052,0,0,1
8788,1,0,0
13261,1,0,0
13429,0,1,0
4904,1,0,0
5529,0,1,0
8817,1,0,0
55,0,0,1
784,0,1,0
2793,0,0,1
710,0,0,1
1479,0,1,0
1771,0,0,1
8151,1,0,0
7020,0,1,0
7014,0,0,1
1466,0,1,0
1046,0,1,0
3070,0,0,1
2331,1,0,0
3397,0,1,0
10281,1,0,0
11261,0,1,0
9514,1,0,0
2325,1,0,0
13721,0,1,0
12817,1,0,0
2752,1,0,0
5362,0,0,1
11193,1,0,0
2929,0,0,1
6973,0,0,1
5132,0,1,0
9180,1,0,0
2006,1,0,0
1795,0,1,0
7475,0,0,1
5591,1,0,0
200,0,0,1
8755,1,0,0
9974,0,0,1
8192,1,0,0
3327,1,0,0
5521,0,1,0
6013,1,0,0
679,0,0,1
7974,0,1,0
3115,0,1,0
9305,1,0,0
4560,1,0,0
2497,0,1,0
5457,0,0,1
2512,0,1,0
4294,0,0,1
13958,1,0,0
7597,1,0,0
10885,0,0,1
5458,0,0,1
8038,0,1,0
13944,1,0,0
1956,0,1,0
8657,0,0,1
2333,0,1,0
10293,0,0,1
10496,0,1,0
13216,0,0,1
430,0,0,1
7485,1,0,0
11016,0,1,0
8063,0,0,1
8195,0,0,1
4641,1,0,0
13412,0,1,0
3307,0,1,0
10598,1,0,0
8284,0,0,1
2786,1,0,0
764,0,1,0
2406,1,0,0
12671,1,0,0
9517,0,1,0
2224,0,1,0
9220,0,1,0
11646,0,1,0
12831,0,0,1
1458,0,1,0
5325,1,0,0
4182,0,1,0
9564,1,0,0
9750,1,0,0
11226,1,0,0
12251,0,1,0
8938,1,0,0
1022,0,0,1
731,0,1,0
6509,0,1,0
7169,1,0,0
12363,0,0,1
6019,0,0,1
8272,0,1,0
1340,1,0,0
13000,1,0,0
6027,0,0,1
4944,0,1,0
4906,0,0,1
8509,1,0,0
13683,0,0,1
9268,0,1,0
13877,1,0,0
5636,1,0,0
7396,1,0,0
2036,0,0,1
2868,0,0,1
13668,0,0,1
3971,1,0,0
7204,1,0,0
13813,0,1,0
4301,0,0,1
9068,0,0,1
965,1,0,0
11565,0,0,1
3544,0,0,1
8497,0,1,0
5073,1,0,0
2639,0,0,1
3237,1,0,0
2885,0,1,0
8669,0,0,1
68,1,0,0
9827,0,0,1
11058,0,0,1
11764,1,0,0
5009,0,1,0
8810,1,0,0
13582,0,1,0
13626,0,1,0
7593,1,0,0
13402,0,0,1
7884,1,0,0
10002,1,0,0
7059,0,0,1
7245,1,0,0
2668,1,0,0
10483,0,0,1
1094,1,0,0
9523,0,0,1
5955,0,0,1
10277,1,0,0
4021,0,0,1
12410,1,0,0
1211,0,0,1
10430,0,1,0
3010,0,0,1
6978,1,0,0
10798,1,0,0
12591,0,0,1
7533,1,0,0
9347,1,0,0
1715,0,0,1
11323,1,0,0
8193,1,0,0
13335,0,1,0
13181,0,1,0
7877,1,0,0
13704,0,0,1
3076,1,0,0
13734,1,0,0
11637,0,1,0
12154,1,0,0
5672,1,0,0
11299,0,1,0
6194,1,0,0
4551,0,1,0
13872,0,1,0
6036,0,0,1
13617,0,0,1
4848,0,1,0
6070,1,0,0
10548,0,1,0
11529,0,0,1
5754,1,0,0
911,1,0,0
12679,1,0,0
10331,0,1,0
12217,0,0,1
1168,0,0,1
5692,1,0,0
2838,0,1,0
5250,1,0,0
1425,0,0,1
10434,1,0,0
3456,0,1,0
3685,0,0,1
4730,0,0,1
5880,0,1,0
12237,0,1,0
13506,0,0,1
9143,0,1,0
4679,0,1,0
4647,1,0,0
3543,0,1,0
3252,0,0,1
931,0,1,0
5110,0,1,0
9161,1,0,0
6202,1,0,0
4318,0,0,1
10768,0,0,1
11116,1,0,0
4804,0,0,1
11610,1,0,0
1037,1,0,0
4572,0,1,0
4253,0,0,1
4119,0,1,0
5431,0,1,0
1188,0,0,1
1249,0,1,0
11563,1,0,0
12417,0,1,0
6911,0,0,1
9731,1,0,0
4079,1,0,0
13392,0,1,0
9085,0,1,0
13658,0,0,1
11722,0,0,1
12206,0,0,1
1901,0,0,1
11317,1,0,0
9570,1,0,0
5812,0,1,0
1849,0,1,0
1638,0,0,1
4341,1,0,0
590,0,0,1
9993,0,1,0
3986,0,1,0
13539,0,1,0
8194,1,0,0
9904,1,0,0
5941,0,1,0
7503,1,0,0
2701,0,1,0
6569,0,1,0
3196,0,1,0
3965,0,1,0
535,1,0,0
7082,0,1,0
8769,0,0,1
11292,0,0,1
10202,1,0,0
12853,1,0,0
4250,1,0,0
11194,0,0,1
5920,0,1,0
3896,0,0,1
4760,0,0,1
6295,0,0,1
221,1,0,0
8162,1,0,0
2269,0,1,0
4328,0,0,1
8401,0,1,0
8380,1,0,0
13803,1,0,0
2543,0,1,0
7768,0,0,1
12652,1,0,0
9285,1,0,0
1866,0,0,1
5452,0,0,1
1325,0,0,1
8837,1,0,0
10606,0,1,0
285,1,0,0
511,1,0,0
1025,0,0,1
12169,0,0,1
5750,0,1,0
9681,0,1,0
6384,0,1,0
13763,0,0,1
9734,0,1,0
1912,0,1,0
8882,0,1,0
3704,0,0,1
12476,0,0,1
10925,0,1,0
9074,1,0,0
12977,1,0,0
9757,0,0,1
896,0,1,0
6504,0,1,0
8703,1,0,0
9955,0,1,0
841,0,1,0
9298,0,1,0
3939,1,0,0
10367,0,1,0
11431,0,1,0
7513,0,0,1
11039,0,1,0
11073,0,1,0
8851,0,1,0
6449,0,0,1
3482,0,0,1
8949,1,0,0
5429,0,1,0
1296,0,1,0
13916,0,0,1
10629,0,1,0
8739,1,0,0
8330,0,1,0
12027,0,0,1
4948,0,1,0
5239,0,0,1
5703,1,0,0
6291,1,0,0
11775,0,1,0
5003,1,0,0
11945,0,1,0
3974,0,1,0
13142,0,1,0
13040,1,0,0
9100,0,1,0
13176,1,0,0
3293,1,0,0
3379,0,0,1
2184,0,1,0
13568,0,0,1
10540,1,0,0
5289,1,0,0
11806,0,0,1
10158,1,0,0
5718,0,0,1
7871,0,0,1
4861,0,0,1
5070,0,1,0
2886,1,0,0
10613,0,1,0
3928,1,0,0
8249,0,1,0
2902,0,0,1
8585,0,1,0
3579,0,0,1
9460,1,0,0
13686,1,0,0
5603,0,0,1
8594,1,0,0
7203,1,0,0
2285,0,0,1
12467,0,0,1
10327,0,0,1
10549,0,1,0
5614,0,0,1
5838,0,1,0
4309,1,0,0
472,0,1,0
11325,0,0,1
2173,0,0,1
4910,0,1,0
2318,0,0,1
5735,0,0,1
9414,0,1,0
6629,0,0,1
8519,0,1,0
7624,0,0,1
10032,0,1,0
11090,0,0,1
10391,0,1,0
1120,0,0,1
2124,1,0,0
4535,0,1,0
347,1,0,0
3447,1,0,0
1955,0,1,0
9766,0,1,0
6647,0,1,0
852,0,0,1
13998,0,0,1
8399,0,1,0
1197,1,0,0
12009,1,0,0
705,0,0,1
9088,0,0,1
11900,0,1,0
6412,0,0,1
12536,0,1,0
706,0,0,1
5149,0,0,1
5694,0,1,0
2775,0,0,1
6419,0,1,0
5568,0,0,1
621,1,0,0
1748,0,0,1
11012,1,0,0
11309,1,0,0
10910,0,0,1
13691,0,1,0
7246,1,0,0
9678,0,0,1
1723,0,0,1
11049,1,0,0
7968,0,0,1
2450,0,1,0
6400,1,0,0
657,0,1,0
1631,1,0,0
1217,0,1,0
12289,0,1,0
8116,0,0,1
5348,0,1,0
5160,0,1,0
9728,1,0,0
4932,0,1,0
3587,0,0,1
915,1,0,0
6100,0,1,0
3890,0,0,1
10781,0,0,1
5134,0,1,0
5264,0,0,1
9280,0,1,0
12001,0,0,1
3409,0,0,1
4688,1,0,0
1691,0,1,0
10435,1,0,0
5682,1,0,0
8456,1,0,0
6530,0,1,0
4348,0,1,0
8261,0,1,0
5171,0,0,1
13495,0,0,1
5515,1,0,0
2301,1,0,0
4536,1,0,0
5957,0,1,0
7266,1,0,0
11035,0,1,0
12366,0,0,1
9212,0,0,1
9743,0,1,0
11229,1,0,0
10908,0,1,0
2550,0,1,0
9246,0,1,0
1154,0,1,0
10525,0,0,1
3053,1,0,0
4582,1,0,0
6603,1,0,0
91,1,0,0
4000,0,1,0
8971,1,0,0
6241,0,1,0
3748,0,1,0
9301,0,0,1
4928,1,0,0
11767,1,0,0
2314,1,0,0
3912,1,0,0
13182,1,0,0
10671,1,0,0
11969,1,0,0
8738,1,0,0
7632,0,0,1
11459,1,0,0
5986,0,0,1
12133,0,1,0
8878,1,0,0
7728,1,0,0
10675,1,0,0
4393,0,1,0
13092,1,0,0
1711,1,0,0
799,0,0,1
7454,0,0,1
7521,1,0,0
7800,0,0,1
11811,0,0,1
5907,0,0,1
10631,0,0,1
5222,1,0,0
12341,0,1,0
3624,0,1,0
2670,0,1,0
7857,0,1,0
9573,0,1,0
12283,0,1,0
3295,1,0,0
1818,0,1,0
4779,0,1,0
12724,0,1,0
13792,0,0,1
5087,0,1,0
6783,0,1,0
12523,0,0,1
8829,0,1,0
8032,0,0,1
8522,0,0,1
6106,0,1,0
4330,1,0,0
